first_name,second_name,element_type,total_points,minutes,goals_scored,assists,goals_conceded,bonus,clean_sheets,red_cards,yellow_cards,now_cost,value_added,value_added_per_90,value_added_per_million,vapm_per_90
Matej,Vydra,4,4,12,0,1,0,0,0,0,0,5.4,3,22.5,0.556,4.17
Moussa,Djenepo,3,16,123,2,0,0,3,1,0,2,5.4,12,8.78,2.222,1.626
Calum,Chambers,2,13,135,1,0,1,0,1,0,0,4.4,10,6.667,2.273,1.515
Divock,Origi,4,15,125,1,1,3,3,0,0,0,5.3,10,7.2,1.887,1.359
Lys,Mousset,4,7,57,1,0,0,0,0,0,0,4.9,4,6.316,0.816,1.288
Michy,Batshuayi,4,6,33,0,1,2,0,0,0,0,6.6,3,8.182,0.455,1.241
Aaron,Cresswell,2,14,180,1,0,5,2,1,0,0,4.9,12,6,2.449,1.224
Serge,Aurier,2,15,180,0,2,2,2,1,0,0,5,12,6,2.4,1.2
Tammy,Abraham,4,44,403,7,0,9,9,0,0,2,7.4,35,7.816,4.73,1.056
Billy,Sharp,4,7,64,1,0,2,3,0,1,0,5.7,4,5.625,0.702,0.987
Jeff,Hendrick,3,11,125,1,0,1,1,1,0,0,5.4,7,5.04,1.296,0.933
Teemu,Pukki,4,51,532,6,2,14,9,0,0,0,7.1,39,6.598,5.493,0.929
Riyad,Mahrez,3,35,308,1,5,0,3,3,0,0,8.5,26,7.597,3.059,0.894
John,Lundstram,2,32,508,1,1,6,7,2,0,2,4.4,22,3.898,5,0.886
Kevin,De Bruyne,3,54,449,2,7,3,9,3,0,0,9.9,43,8.619,4.343,0.871
Andriy,Yarmolenko,3,24,286,2,0,1,3,3,0,0,5.9,16,5.035,2.712,0.853
Javier,Hernández Balcázar,4,9,106,1,0,4,2,0,0,0,6,6,5.094,1,0.849
Bernardo Mota,Veiga de Carvalho e Silva,3,33,331,4,1,6,2,1,0,2,7.8,24,6.526,3.077,0.837
David,Silva,3,36,404,1,5,4,3,3,0,0,7.5,26,5.792,3.467,0.772
Sergio,Agüero,4,55,446,8,2,6,6,2,0,0,12.2,44,8.879,3.607,0.728
Harry,Wilson,3,23,309,3,0,7,1,0,0,1,6.1,15,4.369,2.459,0.716
Jetro,Willems,2,16,297,1,0,5,0,1,0,0,4.5,10,3.03,2.222,0.673
Lucas,Torreira,3,11,139,1,0,3,0,0,0,0,4.9,5,3.237,1.02,0.66
Roberto,Firmino,4,44,487,3,4,4,9,1,0,0,9.5,33,6.099,3.474,0.642
Callum,Wilson,4,40,517,4,3,10,4,0,0,1,7.8,28,4.874,3.59,0.625
Nicolás,Otamendi,2,24,422,1,1,6,0,2,0,1,5.5,16,3.412,2.909,0.62
Jannik,Vestergaard,2,28,540,1,0,9,6,2,0,1,5.2,19,3.167,3.654,0.609
Erik,Pieters,2,27,540,0,2,7,3,2,0,0,4.7,17,2.833,3.617,0.603
Alexandre,Lacazette,4,14,145,2,0,3,2,0,0,1,9.3,9,5.586,0.968,0.601
Arthur,Masuaku,2,18,336,0,1,2,3,2,1,1,4.5,10,2.679,2.222,0.595
Chris,Mepham,2,13,271,1,0,7,2,0,0,0,4.5,8,2.657,1.778,0.59
Jordan,Ayew,4,22,361,2,0,4,6,4,0,2,5.1,12,2.992,2.353,0.587
Douglas Luiz,Soares de Paulo,3,16,267,1,0,4,2,2,0,1,4.6,8,2.697,1.739,0.586
Todd,Cantwell,3,29,526,2,2,14,2,0,0,1,5,17,2.909,3.4,0.582
Anthony,Martial,3,19,270,2,1,3,0,1,0,1,7.6,13,4.333,1.711,0.57
Sadio,Mané,3,42,426,4,1,3,6,2,0,0,11.6,31,6.549,2.672,0.565
Mark,Noble,3,19,354,1,1,1,2,3,0,2,5,11,2.797,2.2,0.559
Fabian,Schär,2,26,523,1,0,8,2,2,0,0,5,16,2.753,3.2,0.551
Erik,Lamela,3,28,459,2,2,6,2,1,0,2,6.1,17,3.333,2.787,0.546
Heung-Min,Son,3,28,348,2,2,5,3,1,0,0,9.6,20,5.172,2.083,0.539
Mason,Mount,3,33,540,3,0,13,6,0,0,0,6.5,21,3.5,3.231,0.538
John,McGinn,3,30,540,2,1,9,3,2,0,0,5.6,18,3,3.214,0.536
Lukasz,Fabianski,1,31,540,0,0,7,4,3,0,0,5,16,2.667,3.2,0.533
Johann Berg,Gudmundsson,3,14,226,1,0,2,1,2,0,0,6,8,3.186,1.333,0.531
Gabriel Fernando,de Jesus,4,11,125,1,1,0,0,1,0,0,9.5,7,5.04,0.737,0.531
Maya,Yoshida,2,9,193,0,0,2,1,1,0,0,4.4,5,2.332,1.136,0.53
Ashley,Barnes,4,31,490,4,0,5,4,3,0,1,6.7,19,3.49,2.836,0.521
Tanguy,Ndombele,3,17,288,1,1,5,2,0,0,0,6,10,3.125,1.667,0.521
Issa,Diop,2,24,540,0,0,7,2,3,0,0,4.5,14,2.333,3.111,0.519
Fikayo,Tomori,2,10,270,1,0,6,2,0,0,1,4.5,7,2.333,1.556,0.519
Mohamed,Salah,3,50,528,4,3,4,7,2,0,0,12.5,38,6.477,3.04,0.518
Florin,Andone,4,5,71,1,0,2,1,0,1,0,4.9,2,2.535,0.408,0.517
Martin,Kelly,2,16,348,0,0,2,0,2,0,0,4.1,8,2.069,1.951,0.505
Enda,Stevens,2,25,540,0,1,6,4,2,0,0,5,15,2.5,3,0.5
Ryan,Fredericks,2,23,529,0,0,7,2,3,0,1,4.5,13,2.212,2.889,0.492
Diego,Rico,2,12,270,0,2,3,0,0,0,0,4.1,6,2,1.463,0.488
Pierre-Emerick,Aubameyang,4,44,540,6,1,10,7,1,0,2,11,32,5.333,2.909,0.485
Joel,Ward,2,23,540,0,1,7,3,2,0,1,4.5,13,2.167,2.889,0.481
Raheem,Sterling,3,39,450,5,0,6,4,2,0,2,12.1,29,5.8,2.397,0.479
Callum,Robinson,3,19,355,1,1,4,1,1,0,0,5.3,10,2.535,1.887,0.478
Patrick,van Aanholt,2,24,540,1,0,7,2,2,0,0,5.6,16,2.667,2.857,0.476
Tyrone,Mings,2,22,540,0,1,9,3,2,0,1,4.6,13,2.167,2.826,0.471
Lewis,Dunk,2,22,540,0,1,8,5,2,0,3,4.6,13,2.167,2.826,0.471
Mathew,Ryan,1,24,540,0,0,8,5,2,0,0,4.6,13,2.167,2.826,0.471
Neal,Maupay,4,21,352,2,0,4,3,2,0,0,6,11,2.812,1.833,0.469
Alex,Iwobi,3,13,229,1,0,7,2,0,0,0,5.9,7,2.751,1.186,0.466
Marcus,Rashford,4,32,503,3,1,5,7,2,0,0,8.5,22,3.936,2.588,0.463
Sébastien,Haller,4,27,450,3,0,6,5,3,0,0,7.4,17,3.4,2.297,0.459
N'Golo,Kanté,3,10,197,1,0,4,1,0,0,1,5,5,2.284,1,0.457
Adam,Webster,2,10,270,0,0,5,2,1,0,0,4.4,6,2,1.364,0.455
Scott,Dann,2,8,180,0,0,1,0,1,0,0,4.4,4,2,0.909,0.454
Trent,Alexander-Arnold,2,31,540,1,3,5,2,1,0,2,7.1,19,3.167,2.676,0.446
Romain,Saïss,2,8,229,1,1,8,0,0,1,1,4.4,5,1.965,1.136,0.446
Lucas,Digne,2,24,522,0,2,9,3,2,0,1,6.2,16,2.759,2.581,0.445
George,Baldock,2,22,540,0,1,6,3,2,0,2,4.5,12,2,2.667,0.444
Angelo,Ogbonna,2,20,450,0,0,2,0,3,0,2,4.5,10,2,2.222,0.444
Lucas,Rodrigues Moura da Silva,3,15,223,1,1,2,0,0,0,0,7.3,8,3.229,1.096,0.442
Patrick,Cutrone,4,10,141,1,0,4,0,0,0,0,5.8,4,2.553,0.69,0.44
Daniel,James,3,25,464,3,0,6,1,1,0,3,6.2,14,2.716,2.258,0.438
Daniel,Ceballos Fernández,3,18,325,0,2,7,3,0,0,0,5.7,9,2.492,1.579,0.437
Danny,Ings,4,17,279,1,1,4,1,1,0,0,5.9,8,2.581,1.356,0.437
Will,Hughes,3,22,419,1,1,16,3,0,0,0,5.5,11,2.363,2,0.43
Sofiane,Boufal,3,15,271,0,2,5,0,1,0,0,5.5,7,2.325,1.273,0.423
Anwar,El Ghazi,3,18,352,1,1,8,0,1,0,0,5.5,9,2.301,1.636,0.418
Jonjo,Shelvey,3,14,305,1,0,6,1,1,0,0,5,7,2.066,1.4,0.413
Bjorn,Engels,2,20,540,0,0,9,4,2,0,1,4.5,11,1.833,2.444,0.407
Angus,Gunn,1,25,540,0,0,9,3,2,0,0,4.5,11,1.833,2.444,0.407
Joel,Matip,2,21,450,1,0,4,1,1,0,0,5.5,11,2.2,2,0.4
Emiliano,Buendía,3,26,532,0,4,13,3,0,0,1,6,14,2.368,2.333,0.395
Richarlison,de Andrade,3,29,489,2,1,8,3,2,0,1,8,17,3.129,2.125,0.391
Ricardo Domingos,Barbosa Pereira,2,26,540,1,0,5,4,1,0,0,6,14,2.333,2.333,0.389
Kevin,Danso,2,8,207,0,1,3,0,1,1,0,4.5,4,1.739,0.889,0.387
Javier,Manquillo,2,10,215,0,0,2,1,1,0,1,4.4,4,1.674,0.909,0.381
James,Milner,3,9,132,0,1,1,0,1,0,1,5.4,3,2.045,0.556,0.379
Jamie,Vardy,4,32,540,3,1,5,5,1,0,0,8.9,20,3.333,2.247,0.374
John,Stones,2,7,180,0,0,3,0,1,0,0,5.4,4,2,0.741,0.37
Harry,Kane,4,36,534,4,1,8,5,1,0,0,11,24,4.045,2.182,0.368
Adama,Traoré,3,13,294,0,1,8,3,0,0,0,5,6,1.837,1.2,0.367
Yerry,Mina,2,18,540,0,0,9,4,2,0,0,5.5,12,2,2.182,0.364
Ainsley,Maitland-Niles,2,17,490,0,2,10,3,1,1,0,5.1,10,1.837,1.961,0.36
Wilfred,Ndidi,3,19,450,1,0,4,3,1,0,0,5,9,1.8,1.8,0.36
Willy,Boly,2,18,450,0,1,6,5,1,1,0,5,9,1.8,1.8,0.36
David,de Gea,1,26,540,0,0,6,4,2,0,0,5.6,12,2,2.143,0.357
James,Maddison,3,27,535,1,2,5,4,1,0,1,7.1,15,2.523,2.113,0.355
Tom,Cleverley,3,16,366,1,0,14,2,0,0,0,4.9,7,1.721,1.429,0.351
Matt,Doherty,2,14,300,0,1,4,0,1,0,0,6,7,2.1,1.167,0.35
Dwight,McNeil,3,24,516,0,3,6,0,3,0,0,6,12,2.093,2,0.349
Christian,Atsu,3,15,334,0,2,4,0,2,0,1,5.4,7,1.886,1.296,0.349
Wesley,Moraes,4,24,517,2,0,7,4,2,0,0,6,12,2.089,2,0.348
Frédéric,Guilbert,2,13,354,0,0,4,0,2,0,2,4.4,6,1.525,1.364,0.347
Solomon,March,3,18,426,0,1,6,3,2,0,0,4.9,8,1.69,1.633,0.345
Manuel,Lanzini,3,21,447,0,2,7,3,2,0,0,6.5,11,2.215,1.692,0.341
Bernard,Anício Caldeira Duarte,3,17,328,1,0,3,3,2,0,2,6.5,8,2.195,1.231,0.338
Harvey,Barnes,3,12,228,1,0,2,0,0,0,0,5.9,5,1.974,0.847,0.334
John,Egan,2,19,540,0,0,6,1,2,0,0,4.5,9,1.5,2,0.333
Dean,Henderson,1,24,540,0,0,6,2,2,0,1,4.5,9,1.5,2,0.333
Jan,Bednarek,2,18,540,0,0,9,1,2,0,0,4.5,9,1.5,2,0.333
Nacho,Monreal,2,10,270,0,0,4,1,1,0,0,5,5,1.667,1,0.333
Chris,Wood,4,21,485,2,0,6,3,2,0,0,6.2,11,2.041,1.774,0.329
Nick,Pope,1,24,540,0,0,7,1,2,0,0,4.6,9,1.5,1.957,0.326
Joshua,King,4,24,528,1,2,10,2,0,0,0,6.3,12,2.045,1.905,0.325
Nathan,Redmond,3,16,357,1,0,7,2,1,0,0,6.3,8,2.017,1.27,0.32
Chris,Basham,2,18,504,0,0,6,0,2,0,0,4.5,8,1.429,1.778,0.318
Andrew,Robertson,2,25,540,0,2,5,3,1,0,0,6.9,13,2.167,1.884,0.314
Rodrigo,Hernandez,3,20,469,1,0,5,1,3,0,0,5.5,9,1.727,1.636,0.314
Luke,Shaw,2,9,213,0,0,2,0,1,0,0,5.4,4,1.69,0.741,0.313
Michail,Antonio,3,6,125,0,1,2,0,0,0,0,6.9,3,2.16,0.435,0.313
Martín,Montoya,2,14,450,0,0,7,0,2,0,1,4.5,7,1.4,1.556,0.311
José Ignacio,Peleteiro Romallo,3,12,245,0,1,3,0,2,0,0,5.9,5,1.837,0.847,0.311
Leandro,Trossard,3,11,247,1,0,6,0,0,0,0,5.9,5,1.822,0.847,0.309
Michael,Keane,2,18,540,0,0,9,2,2,0,0,5.5,10,1.667,1.818,0.303
Jamaal,Lascelles,2,18,531,0,0,8,0,2,0,0,4.5,8,1.356,1.778,0.301
Ederson,Santana de Moraes,1,25,540,0,0,6,0,3,0,1,6.1,11,1.833,1.803,0.3
Tom,Heaton,1,20,540,0,0,9,0,2,0,0,4.5,8,1.333,1.778,0.296
Dan,Burn,2,17,540,0,0,8,0,2,0,0,4.5,8,1.333,1.778,0.296
Matthew,Lowton,2,18,540,0,0,7,0,2,0,0,4.5,8,1.333,1.778,0.296
Paul,Dummett,2,18,540,0,0,8,2,2,0,2,4.5,8,1.333,1.778,0.296
Jack,O'Connell,2,18,540,0,0,6,0,2,0,0,4.5,8,1.333,1.778,0.296
Youri,Tielemans,3,23,531,1,1,5,2,1,0,0,6.4,11,1.864,1.719,0.291
Oleksandr,Zinchenko,2,16,450,0,0,6,0,2,0,0,5.5,8,1.6,1.455,0.291
Andre,Gray,4,15,318,1,0,9,2,0,0,0,5.9,6,1.698,1.017,0.288
Felipe Anderson,Pereira Gomes,3,18,366,0,2,3,0,3,0,1,6.9,8,1.967,1.159,0.285
Virgil,van Dijk,2,23,540,1,0,5,1,1,0,0,6.5,11,1.833,1.692,0.282
Andreas,Pereira,3,14,321,0,1,3,0,2,0,0,5,5,1.402,1,0.28
Victor,Lindelöf,2,19,540,0,0,6,2,2,0,1,5.4,9,1.5,1.667,0.278
Benjamin,Chilwell,2,14,360,0,1,3,0,1,0,1,5.4,6,1.5,1.111,0.278
Scott,McTominay,3,20,525,0,1,5,3,2,0,0,5,8,1.371,1.6,0.274
Cédric,Soares,2,9,270,0,0,4,0,1,0,0,4.9,4,1.333,0.816,0.272
Kyle,Walker,2,18,502,0,1,6,0,2,0,2,6,9,1.614,1.5,0.269
Christian,Pulisic,3,13,275,0,2,8,0,0,0,0,7.3,6,1.964,0.822,0.269
Jordan,Pickford,1,19,540,0,0,9,1,2,0,0,5.6,9,1.5,1.607,0.268
Matteo,Guendouzi,3,19,511,0,2,9,2,1,0,2,4.6,7,1.233,1.522,0.268
Jeffrey,Schlupp,3,15,367,0,1,5,1,2,0,0,5.5,6,1.471,1.091,0.268
Ben,Mee,2,18,540,0,0,7,0,2,0,0,5,8,1.333,1.6,0.267
Martin,Dubravka,1,21,540,0,0,8,0,2,0,0,5,8,1.333,1.6,0.267
Ahmed,El Mohamady,2,7,230,0,0,7,3,0,0,0,4.4,3,1.174,0.682,0.267
Ryan,Fraser,3,19,420,1,1,8,2,0,0,1,7.3,9,1.929,1.233,0.264
Hamza,Choudhury,3,13,303,0,1,3,0,1,0,0,4.5,4,1.188,0.889,0.264
João Filipe Iria,Santos Moutinho,3,17,449,0,1,9,3,1,0,0,5.4,7,1.403,1.296,0.26
Neil,Taylor,2,16,540,0,0,9,0,2,0,1,4.5,7,1.167,1.556,0.259
Çaglar,Söyüncü,2,19,540,0,1,5,0,1,0,0,4.6,7,1.167,1.522,0.254
Kenny,McLean,3,12,291,1,0,8,0,0,0,1,4.9,4,1.237,0.816,0.252
Emil,Krafth,2,10,323,0,0,6,0,1,0,0,4.5,4,1.115,0.889,0.248
Raúl,Jiménez,4,22,504,2,0,10,3,1,0,1,7.3,10,1.786,1.37,0.245
Aaron,Wan-Bissaka,2,18,540,0,0,6,2,2,0,2,5.5,8,1.333,1.455,0.243
Toby,Alderweireld,2,17,540,0,1,8,1,1,0,0,5.5,8,1.333,1.455,0.243
Pascal,Groß,3,16,355,0,1,4,1,2,0,0,6.5,6,1.521,0.923,0.234
James,Tarkowski,2,17,540,0,0,7,0,2,0,1,5,7,1.167,1.4,0.233
Vicente,Guaita,1,18,540,0,0,7,0,2,0,1,5,7,1.167,1.4,0.233
James,Ward-Prowse,3,20,540,1,0,9,2,2,0,1,5.8,8,1.333,1.379,0.23
Jack,Grealish,3,20,540,0,2,9,2,2,0,2,5.9,8,1.333,1.356,0.226
Diogo,Jota,4,18,452,1,0,9,3,1,0,0,6.2,7,1.394,1.129,0.225
Aaron,Ramsdale,1,21,540,0,1,10,3,0,0,0,4.5,6,1,1.333,0.222
Isaac,Hayden,3,18,540,0,1,8,2,2,0,1,4.5,6,1,1.333,0.222
Gary,Cahill,2,10,360,0,0,6,1,1,0,1,4.5,4,1,0.889,0.222
Steven,Alzate,3,3,90,0,0,0,0,1,0,0,4.5,1,1,0.222,0.222
Aaron,Mooy,3,5,84,0,0,1,0,1,0,0,4.9,1,1.071,0.204,0.219
Harry,Maguire,2,17,540,0,0,6,0,2,0,1,5.5,7,1.167,1.273,0.212
Paul,Pogba,3,13,360,0,2,4,0,1,0,0,8.4,7,1.75,0.833,0.208
Sean,Longstaff,3,10,262,0,1,3,0,1,0,1,5,3,1.031,0.6,0.206
Nicolas,Pépé,3,19,424,1,1,9,2,0,0,1,9.4,9,1.91,0.957,0.203
Roberto,Pereyra,3,11,309,1,0,7,0,0,0,1,5.8,4,1.165,0.69,0.201
Jonny,Evans,2,18,540,0,0,5,2,1,0,0,5,6,1,1.2,0.2
Shane,Duffy,2,11,360,0,0,4,0,1,0,0,5,4,1,0.8,0.2
Oliver,McBurnie,4,13,306,1,0,3,1,2,0,1,5.9,4,1.176,0.678,0.199
Rui Pedro,dos Santos Patrício,1,23,540,0,0,11,2,1,0,0,5.1,6,1,1.176,0.196
Seamus,Coleman,2,15,520,0,0,8,0,2,0,2,5.5,6,1.038,1.091,0.189
Jan,Vertonghen,2,7,270,0,0,4,0,1,0,1,5.3,3,1,0.566,0.189
Ashley,Westwood,3,18,540,0,1,7,2,2,0,1,5.4,6,1,1.111,0.185
Matt,Ritchie,2,8,270,0,0,4,0,1,0,1,5.4,3,1,0.556,0.185
Christian,Eriksen,3,15,335,1,0,5,2,1,0,2,8.8,6,1.612,0.682,0.183
Jorge Luiz,Frello Filho,3,17,502,0,2,12,2,0,0,3,5,5,0.896,1,0.179
Rúben Diogo,da Silva Neves,3,16,466,1,0,10,1,1,0,2,5.5,5,0.966,0.909,0.176
Marcos,Alonso,2,6,166,0,1,3,0,0,0,1,6.2,2,1.084,0.323,0.175
Nathan,Aké,2,15,540,1,0,10,0,0,0,1,4.9,5,0.833,1.02,0.17
César,Azpilicueta,2,12,540,0,2,13,0,0,0,0,5.9,6,1,1.017,0.169
Sokratis,Papastathopoulos,2,13,540,0,0,10,2,1,0,1,5,5,0.833,1,0.167
Davy,Pröpper,3,17,540,0,1,8,0,2,0,0,5,5,0.833,1,0.167
Moise,Kean,4,11,251,0,1,6,0,0,0,0,6.7,3,1.076,0.448,0.161
Gerard,Deulofeu,4,14,370,0,1,14,2,0,0,1,6.2,4,0.973,0.645,0.157
Adrián,San Miguel del Castillo,1,16,501,0,0,5,0,1,0,0,4.6,4,0.719,0.87,0.156
Joelinton Cássio,Apolinário de Lira,4,17,513,1,0,7,3,2,0,2,5.9,5,0.877,0.847,0.149
Dominic,Calvert-Lewin,4,12,313,1,0,4,0,2,0,1,5.8,3,0.863,0.517,0.149
Jamal,Lewis,2,10,539,0,0,13,0,1,0,0,4.5,4,0.668,0.889,0.148
Hugo,Lloris,1,19,450,0,0,6,0,1,0,0,5.5,4,0.8,0.727,0.145
Oliver,Norwood,3,16,513,0,1,6,0,2,0,1,4.9,4,0.702,0.816,0.143
Moussa,Sissoko,3,16,516,0,1,6,0,2,0,1,5,4,0.698,0.8,0.14
Fabio Henrique,Tavares,3,15,466,0,1,5,2,1,0,2,5.5,4,0.773,0.727,0.14
Aymeric,Laporte,2,9,306,0,0,3,0,1,0,1,6.3,3,0.882,0.476,0.14
Jean-Philippe,Gbamin,3,4,135,0,0,0,0,1,0,0,4.9,1,0.667,0.204,0.136
Kasper,Schmeichel,1,19,540,0,0,5,0,1,0,0,5,4,0.667,0.8,0.133
Marvelous,Nakamba,3,5,164,0,0,3,0,1,0,0,4.4,1,0.549,0.227,0.125
Gylfi,Sigurdsson,3,17,479,0,1,7,0,2,0,0,7.7,5,0.939,0.649,0.122
Fernando,Luiz Rosa,3,4,143,0,0,0,0,1,0,0,5.3,1,0.629,0.189,0.119
Nemanja,Matic,3,6,158,0,0,1,0,1,0,0,4.8,1,0.57,0.208,0.118
Sead,Kolasinac,2,6,289,0,1,6,0,0,0,1,5.4,2,0.623,0.37,0.115
Jonathan,Castro Otto,2,11,450,0,0,8,0,1,0,1,5.4,3,0.6,0.556,0.111
Che,Adams,4,15,445,0,1,6,0,2,0,0,5.7,3,0.607,0.526,0.106
Ashley,Young,2,8,326,0,0,4,0,1,0,2,5.4,2,0.552,0.37,0.102
Bernd,Leno,1,18,540,0,0,10,1,1,0,2,5,3,0.5,0.6,0.1
Conor,Coady,2,12,540,0,0,11,0,1,0,1,5,3,0.5,0.6,0.1
Ryan,Bennett,2,9,360,0,0,5,0,1,0,2,5,2,0.5,0.4,0.1
James,McArthur,3,12,433,0,0,2,0,3,0,1,5.3,2,0.416,0.377,0.078
Dale,Stephens,3,14,527,0,0,7,0,2,0,0,4.5,2,0.342,0.444,0.076
Mateo,Kovacic,3,13,440,0,1,10,0,0,0,1,5.5,2,0.409,0.364,0.074
Ben,Foster,1,11,540,0,0,18,2,0,0,0,4.9,2,0.333,0.408,0.068
Declan,Rice,3,14,540,0,0,7,0,3,0,1,4.9,2,0.333,0.408,0.068
Jack,Cork,3,14,527,0,0,7,0,2,0,0,5,2,0.342,0.4,0.068
Georginio,Wijnaldum,3,14,511,0,0,4,0,2,0,0,5.4,2,0.352,0.37,0.065
Joseph,Willock,3,9,281,0,0,5,0,1,0,0,5,1,0.32,0.2,0.064
Tom,Trybull,3,9,325,0,0,9,0,1,0,0,4.5,1,0.277,0.222,0.061
Andros,Townsend,3,9,259,0,0,6,0,1,0,0,5.8,1,0.347,0.172,0.06
Pablo,Fornals,3,9,253,0,0,5,0,1,0,0,6.2,1,0.356,0.161,0.057
Cheikhou,Kouyaté,3,9,337,0,0,5,0,2,0,1,4.9,1,0.267,0.204,0.054
Leander,Dendoncker,3,9,410,0,0,8,0,1,0,0,4.5,1,0.22,0.222,0.049
Jordan,Henderson,3,10,334,0,0,3,0,1,0,0,5.5,1,0.269,0.182,0.049
Ayoze,Pérez,3,10,330,0,0,3,0,1,0,0,6.1,1,0.273,0.164,0.045
Pierre-Emile,Højbjerg,3,12,467,0,0,7,0,2,0,1,4.9,1,0.193,0.204,0.039
Philip,Billing,3,12,495,0,1,9,0,0,0,2,5,1,0.182,0.2,0.036
Danny,Rose,2,10,522,0,0,8,0,1,0,3,5.5,1,0.172,0.182,0.031
Miguel,Almirón,3,13,498,0,0,7,0,2,0,1,5.9,1,0.181,0.169,0.031
Mesut,Özil,3,2,70,0,0,1,0,0,0,0,7.3,0,0,0,0
Henrikh,Mkhitaryan,3,4,110,0,0,0,0,1,0,1,6.8,0,0,0,0
Reiss,Nelson,3,4,134,0,0,2,0,1,0,1,5.4,0,0,0,0
Gabriel Teodoro,Martinelli Silva,4,1,6,0,0,0,0,0,0,0,4.5,0,0,0,0
Bukayo,Saka,3,1,45,0,0,1,0,0,0,0,4.5,0,0,0,0
Jonathan,Kodjia,4,1,16,0,0,2,0,0,0,0,5.4,0,0,0,0
Conor,Hourihane,3,4,105,0,0,2,0,0,0,0,5.7,0,0,0,0
Keinan,Davis,3,3,39,0,0,1,0,0,0,0,4.5,0,0,0,0
Henri,Lansbury,3,2,9,0,0,0,0,0,0,0,4.4,0,0,0,0
Steve,Cook,2,10,540,0,0,10,0,0,0,0,5,0,0,0,0
Charlie,Daniels,2,3,126,0,0,2,0,0,0,0,4.4,0,0,0,0
Dominic,Solanke,4,8,228,0,0,3,0,0,0,0,5.4,0,0,0,0
Jordon,Ibe,3,2,48,0,0,1,0,0,0,0,4.8,0,0,0,0
Lewis,Cook,3,3,89,0,0,1,0,0,0,0,5,0,0,0,0
Andrew,Surman,3,3,57,0,0,1,0,0,0,0,4.8,0,0,0,0
Bernardo,Fernandes da Silva Junior,2,2,67,0,0,3,0,0,0,0,4.4,0,0,0,0
Gaëtan,Bong,2,2,10,0,0,1,0,0,0,0,4.4,0,0,0,0
Glenn,Murray,4,8,254,0,0,3,0,2,0,0,5.7,0,0,0,0
Jürgen,Locadia,4,3,85,0,0,1,0,1,0,0,5.3,0,0,0,0
Yves,Bissouma,3,1,8,0,0,0,0,0,0,0,5,0,0,0,0
Aaron,Connolly,4,3,50,0,0,2,0,0,0,0,4.5,0,0,0,0
Robbie,Brady,3,1,1,0,0,0,0,0,0,0,5.5,0,0,0,0
Jay,Rodriguez,4,6,99,0,0,3,0,0,0,0,5.7,0,0,0,0
Antonio,Rüdiger,2,1,45,0,0,0,0,0,0,0,6,0,0,0,0
Emerson,Palmieri dos Santos,2,5,374,0,0,10,0,0,0,0,5.5,0,0,0,0
Olivier,Giroud,4,4,100,0,0,2,0,1,0,0,6.7,0,0,0,0
Kepa,Arrizabalaga,1,8,540,0,0,13,0,0,0,0,5.5,0,0,0,0
Willian,Borges Da Silva,3,7,235,0,0,5,0,0,0,0,7,0,0,0,0
Pedro,Rodríguez Ledesma,3,4,180,0,0,5,0,0,0,0,7,0,0,0,0
Ross,Barkley,3,5,226,0,0,5,0,0,0,0,5.6,0,0,0,0
Billy,Gilmour,3,1,6,0,0,1,0,0,0,0,4.5,0,0,0,0
Mamadou,Sakho,2,3,191,0,0,5,0,0,0,0,5,0,0,0,0
Christian,Benteke,4,8,231,0,0,3,0,1,0,0,5.8,0,0,0,0
Connor,Wickham,4,2,15,0,0,0,0,0,0,0,4.5,0,0,0,0
Wilfried,Zaha,3,11,475,0,0,7,0,1,0,1,6.8,0,0,0,0
Max,Meyer,3,4,154,0,0,1,0,1,0,1,5.3,0,0,0,0
Víctor,Camarasa,3,1,5,0,0,0,0,0,0,0,4.8,0,0,0,0
Cenk,Tosun,4,1,35,0,0,1,0,0,0,0,5.7,0,0,0,0
Theo,Walcott,3,4,67,0,0,2,0,0,0,0,6.3,0,0,0,0
Tom,Davies,3,1,11,0,0,0,0,0,0,0,5.4,0,0,0,0
Mason,Holgate,2,1,17,0,0,0,0,0,0,0,4.4,0,0,0,0
Christian,Fuchs,2,5,184,0,0,2,0,0,0,0,4.5,0,0,0,0
Wes,Morgan,2,1,12,0,0,0,0,0,0,0,4.3,0,0,0,0
Nampalys,Mendy,3,1,1,0,0,0,0,0,0,0,4.4,0,0,0,0
Dennis,Praet,3,4,103,0,0,1,0,0,0,0,5.4,0,0,0,0
Joseph,Gomez,2,3,91,0,0,1,0,0,0,0,5.3,0,0,0,0
Alisson,Ramses Becker,1,1,38,0,0,0,0,0,0,0,5.8,0,0,0,0
Alex,Oxlade-Chamberlain,3,6,194,0,0,3,0,0,0,0,6.3,0,0,0,0
Xherdan,Shaqiri,3,2,11,0,0,0,0,0,0,0,6.3,0,0,0,0
Adam,Lallana,3,2,10,0,0,0,0,0,0,0,5.8,0,0,0,0
Benjamin,Mendy,2,1,45,0,0,0,0,0,0,0,5.9,0,0,0,0
Phil,Foden,3,1,10,0,0,0,0,0,0,0,5.3,0,0,0,0
Ilkay,Gündogan,3,6,235,0,0,6,0,0,0,0,5.3,0,0,0,0
João Pedro Cavaco,Cancelo,2,2,37,0,0,0,0,0,0,0,5.4,0,0,0,0
Eric,Garcia,2,1,27,0,0,0,0,0,0,0,4.5,0,0,0,0
Mason,Greenwood,4,4,47,0,0,1,0,0,0,0,4.5,0,0,0,0
Jesse,Lingard,3,7,271,0,0,3,0,1,0,1,6.4,0,0,0,0
Juan,Mata,3,9,234,0,0,3,0,1,0,1,6.4,0,0,0,0
Frederico,Rodrigues de Paula Santos,3,2,42,0,0,1,0,0,0,0,5.3,0,0,0,0
Angel,Gomes,3,1,9,0,0,1,0,0,0,0,4.9,0,0,0,0
Tahith,Chong,3,1,20,0,0,0,0,0,0,0,4.4,0,0,0,0
Axel,Tuanzebe,2,1,1,0,0,0,0,0,0,0,4.4,0,0,0,0
Federico,Fernández,2,3,23,0,0,0,0,0,0,0,4.4,0,0,0,0
Yoshinori,Muto,4,4,56,0,0,2,0,0,0,0,5.3,0,0,0,0
Sung-yueng,Ki,3,3,90,0,0,2,0,0,0,0,4.8,0,0,0,0
Allan,Saint-Maximin,3,3,56,0,0,0,0,0,0,0,5.4,0,0,0,0
Andy,Carroll,4,1,8,0,0,0,0,0,0,0,5.4,0,0,0,0
Ben,Godfrey,2,6,540,0,0,14,0,0,0,0,4.5,0,0,0,0
Christoph,Zimmermann,2,1,35,0,0,1,0,0,0,0,4.5,0,0,0,0
Grant,Hanley,2,1,270,0,0,8,0,0,0,0,4,0,0,0,0
Dennis,Srbeny,4,2,10,0,0,0,0,0,0,0,5.3,0,0,0,0
Tim,Krul,1,12,540,0,0,14,0,0,0,0,4.5,0,0,0,0
Mario,Vrancic,3,2,15,0,0,1,0,0,0,0,6.2,0,0,0,0
Onel,Hernández,3,1,20,0,0,0,0,0,0,0,5.3,0,0,0,0
Marco,Stiepermann,3,11,458,0,0,13,0,1,0,1,5.4,0,0,0,0
Alexander,Tettey,3,4,105,0,0,4,0,0,0,0,4.5,0,0,0,0
Josip,Drmic,4,4,42,0,0,1,0,0,0,0,5.4,0,0,0,0
Patrick,Roberts,3,1,1,0,0,0,0,0,0,0,5.3,0,0,0,0
David,McGoldrick,4,8,320,0,0,3,0,1,0,0,5.5,0,0,0,0
Luke,Freeman,3,7,241,0,0,4,0,1,0,1,5.3,0,0,0,0
Phil,Jagielka,2,2,27,0,0,0,0,0,0,0,4.3,0,0,0,0
Ravel,Morrison,3,1,12,0,0,0,0,0,0,0,4.8,0,0,0,0
Ben,Osborn,3,2,13,0,0,0,0,0,0,0,4.8,0,0,0,0
Ryan,Bertrand,2,3,211,0,0,6,0,0,0,0,4.9,0,0,0,0
Yan,Valery,2,3,232,0,0,5,0,0,0,0,4.9,0,0,0,0
Jack,Stephens,2,1,72,0,0,2,0,0,0,0,4.4,0,0,0,0
Michael,Obafemi,4,1,24,0,0,2,0,0,0,0,5,0,0,0,0
Shane,Long,4,2,29,0,0,0,0,0,0,0,4.8,0,0,0,0
Oriol,Romeu Vidal,3,12,513,0,0,8,0,2,0,2,4.5,0,0,0,0
Ben,Davies,2,2,16,0,0,0,0,0,0,0,5.5,0,0,0,0
Kyle,Walker-Peters,2,5,241,0,0,4,0,0,0,0,4.9,0,0,0,0
Paulo,Gazzaniga,1,2,90,0,0,2,0,0,0,0,4.4,0,0,0,0
Bamidele,Alli,3,1,30,0,0,1,0,0,0,0,8.4,0,0,0,0
Oliver,Skipp,3,2,2,0,0,0,0,0,0,0,4.5,0,0,0,0
Giovani,Lo Celso,3,3,44,0,0,0,0,0,0,0,7.3,0,0,0,0
Georges-Kévin,Nkoudou,3,1,2,0,0,0,0,0,0,0,5,0,0,0,0
Christian,Kabasele,2,3,180,0,0,3,0,0,0,0,4.4,0,0,0,0
Adrian,Mariappa,2,-2,90,0,0,8,0,0,0,0,4.3,0,0,0,0
Daryl,Janmaat,2,3,102,0,0,1,0,0,0,0,4.4,0,0,0,0
Troy,Deeney,4,4,180,0,0,4,0,0,0,0,6.2,0,0,0,0
Isaac,Success Ajayi,4,2,34,0,0,1,0,0,0,0,4.9,0,0,0,0
Nathaniel,Chalobah,3,1,19,0,0,0,0,0,0,0,4.5,0,0,0,0
Domingos,Quina,3,1,4,0,0,0,0,0,0,0,4.5,0,0,0,0
Danny,Welbeck,4,2,39,0,0,0,0,0,0,0,5.9,0,0,0,0
Ismaïla,Sarr,3,3,83,0,0,2,0,0,0,0,6.4,0,0,0,0
Dimitri,Foulquier,2,-1,32,0,0,5,0,0,0,0,4,0,0,0,0
Pablo,Zabaleta,2,2,31,0,0,0,0,0,0,0,4.4,0,0,0,0
Jack,Wilshere,3,3,120,0,0,2,0,0,0,0,4.8,0,0,0,0
Carlos,Sánchez,3,3,14,0,0,0,0,0,0,0,4.5,0,0,0,0
Morgan,Gibbs-White,3,3,86,0,0,2,0,0,0,0,4.9,0,0,0,0
Jesús,Vallejo Lázaro,2,0,90,0,0,5,0,0,0,0,4.8,0,0,0,0
Abdoulaye,Doucouré,3,9,520,0,0,18,0,0,0,1,5.8,-1,-0.173,-0.172,-0.03
Craig,Dawson,2,4,540,0,0,18,0,0,0,1,4.9,-1,-0.167,-0.204,-0.034
Kurt,Zouma,2,2,453,0,0,11,0,0,0,1,4.8,-1,-0.199,-0.208,-0.041
Andreas,Christensen,2,3,401,0,0,11,0,0,0,1,5,-1,-0.224,-0.2,-0.045
Davinson,Sánchez,2,5,360,0,0,6,0,0,0,1,5.4,-1,-0.25,-0.185,-0.046
Luka,Milivojevic,3,10,540,0,0,7,0,2,0,4,6.8,-2,-0.333,-0.294,-0.049
André Filipe,Tavares Gomes,3,6,315,0,0,4,0,1,0,2,5.3,-1,-0.286,-0.189,-0.054
Moritz,Leitner,3,8,369,0,0,7,0,0,0,1,4.5,-1,-0.244,-0.222,-0.054
Craig,Cathcart,2,5,360,0,0,8,0,0,0,1,4.4,-1,-0.25,-0.227,-0.057
John,Fleck,3,6,298,0,0,2,0,1,0,2,4.8,-1,-0.302,-0.208,-0.063
Adam,Smith,2,5,310,0,0,7,0,0,0,1,4.4,-1,-0.29,-0.227,-0.066
David,Luiz Moreira Marinho,2,4,450,0,0,10,0,0,0,2,5.8,-2,-0.4,-0.345,-0.069
Harry,Winks,3,9,454,0,0,8,0,1,0,3,5.4,-2,-0.396,-0.37,-0.073
Francisco,Femenía Far,2,3,540,0,0,18,0,0,0,2,4.4,-2,-0.333,-0.455,-0.076
Granit,Xhaka,3,8,431,0,0,9,0,1,0,3,5.3,-2,-0.418,-0.377,-0.079
Ibrahim,Amadou,3,4,234,0,0,5,0,0,0,1,4.5,-1,-0.385,-0.222,-0.085
Etienne,Capoue,3,8,442,0,0,17,0,0,0,2,4.8,-2,-0.407,-0.417,-0.085
Jack,Stacey,2,3,180,0,0,2,0,0,0,1,4.4,-1,-0.5,-0.227,-0.113
Sam,Byram,2,2,181,0,0,5,0,0,0,1,4.4,-1,-0.497,-0.227,-0.113
Maximillian,Aarons,2,2,360,0,0,10,0,0,0,2,4.4,-2,-0.5,-0.455,-0.114
Robert,Snodgrass,3,4,144,0,0,4,0,0,0,1,5.3,-1,-0.625,-0.189,-0.118
Jefferson,Lerma,3,8,463,0,0,9,0,0,0,3,4.9,-3,-0.583,-0.612,-0.119
Fabian,Delph,2,1,270,0,0,7,0,0,0,2,5.4,-2,-0.667,-0.37,-0.123
José,Holebas,2,0,437,0,0,17,0,0,0,3,4.8,-3,-0.618,-0.625,-0.129
Mahmoud Ahmed,Ibrahim Hassan,3,5,349,0,0,4,0,1,1,1,5.3,-3,-0.774,-0.566,-0.146
Demarai,Gray,3,3,101,0,0,1,0,0,0,1,5.3,-1,-0.891,-0.189,-0.168
Aaron,Lennon,3,5,207,0,0,5,0,0,0,2,4.9,-2,-0.87,-0.408,-0.177
Morgan,Schneiderlin,3,4,309,0,0,6,0,1,1,1,4.5,-3,-0.874,-0.667,-0.194
Marc,Albrighton,3,3,87,0,0,1,0,0,0,1,5.3,-1,-1.034,-0.189,-0.196
Fabián,Balbuena,2,0,91,0,0,5,0,0,0,1,4.4,-1,-0.989,-0.227,-0.225
Rúben Gonçalo,Silva Nascimento Vinagre,2,0,90,0,0,3,0,0,0,1,4.4,-1,-1,-0.227,-0.227
Pedro,Lomba Neto,3,3,58,0,0,0,0,0,0,1,5,-1,-1.552,-0.2,-0.31
Stuart,Armstrong,3,4,54,0,0,2,0,0,0,1,5.3,-1,-1.667,-0.189,-0.315
José Ángel,Esmorís Tasende,2,0,45,0,0,0,0,0,0,1,4.8,-1,-2,-0.208,-0.416
James,McCarthy,3,3,48,0,0,2,0,0,0,1,4.5,-1,-1.875,-0.222,-0.416
Victor,Wanyama,3,0,23,0,0,2,0,0,0,1,4.9,-1,-3.913,-0.204,-0.798